{
  "menu_pages": "Pages",
  "pages_total_likes": "<span class=\"count\">{total}</span> likes",
  "pages_total_like": "<span class=\"count\">{total}</span> like",
  "no_widget_found": "No widget found.",
  "block_like_info": "Pages Likes Limit",
  "block_like_description": "Define the limit of how many liked people can be displayed in Pages detail page.<br>0 means doesn't show this block.",
  "pages_profile_photo": "Page's profile photo",
  "pages_app": "Pages",
  "are_you_sure_you_want_to_delete_this_page_permanently": "Are you sure you want to delete this page permanently?",
  "page_admins": "Page Admins",
  "block_admin_info": "Show Page Admins",
  "block_admin_description": "Enable this option to show the page admins within a block when viewing a page. The person who created the page will be listed as the \"Founder\".",
  "upload_image_for_category": "Upload image for category",
  "are_you_sure_you_want_to_delete_this_category_image": "Are you sure you want to delete this category image?",
  "delete_category_image_successfully": "Delete category image successfully",
  "integrate_module_with_page": "Integrate {module} with page",
  "integrate_module_description": "Select <b>Yes</b> to integrate <b>{module}</b> with Page. <b>No</b> to turn it off and users could not perform any action on {module} in page detail.",
  "module_pages": "Pages",
  "block_category_cache_time_info": "Pages Category Cache Time",
  "block_category_cache_time_description": "Define how long we should keep the cache for the <b>Pages Category</b> by minutes. 0 means we do not cache data for this block.",
  "seo_pages_meta_description": "create your page to connect people",
  "seo_pages_meta_keywords": "pages, connect, people, community",
  "maximum_64_characters": "Maximum 64 characters",
  "select_sub_category": "Select sub category",
  "people_also_like": "People also like",
  "your_claim_has_been_denied": "Your claim at page <b>{page}</b> has been denied by <b>{moderator}</b>.",
  "your_claim_has_been_approved": "Your claim has been approved by <b>{moderator}</b>. You has been set to be owner of <b>{page}</b>.",
  "you_has_been_removed_as_owner_of_page": "You has been removed as owner of page <b>{page}</b> by <b>{moderator}</b>.",
  "full_name_post_some_images_on_your_page_title": "<b>{full_name}</b> posted some images on your page <b>{title}</b>.",
  "full_name_post_some_images_on_page_title": "<b>{full_name}</b> posted some images on page <b>{title}</b>",
  "full_name_post_some_images_on_your_page_title_link": "{full_name} posted some images on your page \"<a href=\"{link}\">{title}<\/a>\".\r\nTo see the image, follow the link below:\r\n<a href=\"{link}\">{link}<\/a>",
  "full_name_post_some_images_on_page_title_link": "{full_name} posted some images on page \"<a href=\"{link}\">{title}<\/a>\".\r\nTo see the image, follow the link below:\r\n<a href=\"{link}\">{link}<\/a>",
  "full_name_tagged_you_in_a_post_in_page_title": "<b>{full_name}</b> tagged you in a post in page <b>{title}</b>.",
  "full_name_tagged_you_in_a_comment_in_page_title": "<b>{full_name}</b> tagged you in a comment in page <b>{title}</b>.",
  "full_name_posted_a_link_in_page_title": "<b>{full_name}</b> posted a link in page <b>{title}</b>.",
  "block_people_also_like_info": "Pages people also like limit",
  "block_people_also_like_description": "Define the limit of how many pages can be displayed in block People also like.<br>0 means doesn't show this block.",
  "we_do_not_support_javascript_in_widgets_content_it_will_be_automatically_removed": "We do not support javascript in widget's content. It will be automatically removed.",
  "drag_to_order_your_blocks": "Drag to order your blocks",
  "block_type": "Block Type",
  "menu_type": "Menu Type",
  "full_name_wrote_a_comment_on_page_title": "{full_name} wrote a comment on page <b>{title}</b>.",
  "full_name_wrote_a_comment_on_page_link": "{full_name} wrote a comment on page \"<a href=\"{link}\">{title}<\/a>\".\r\nTo see the comment thread, follow the link below:\r\n<a href=\"{link}\">{link}<\/a>",
  "full_name_posted_a_link_on_your_page_title": "{full_name} posted a link on your page <b>{title}</b>.",
  "full_name_posted_a_link_on_page_title": "{full_name} posted a link on page <b>{title}</b>.",
  "full_name_posted_a_link_on_page_link": "{full_name} posted a link on page \"<a href=\"{link}\">{title}<\/a>\".\r\nTo see the link, follow the link below:\r\n<a href=\"{link}\">{link}<\/a>",
  "full_name_posted_a_link_on_your_page_link": "{full_name} posted a link on your page \"<a href=\"{link}\">{title}<\/a>\".\r\nTo see the link, follow the link below:\r\n<a href=\"{link}\">{link}<\/a>",
  "sub_category": "Sub Category",
  "page_name": "Page's Name",
  "create_page": "Create Page",
  "you_can_choose_sub_category_optional": "You can choose sub-category (optional)",
  "there_is_no_pending_request": "There is no pending request.",
  "remove_admin": "Remove admin",
  "search_member": "Search member",
  "are_you_sure_you_want_to_delete_this_user_from_the_page": "Are you sure you want to delete this user from the page?",
  "there_is_no_members_found": "There is no members found.",
  "remove_all_pages_and_sub_categories_belonging_to_this_category": "Remove all pages and sub-categories belonging to this category",
  "remove_all_pages_belonging_to_this_category": "Remove all pages belonging to this category",
  "select_another_category_to_move_all_pages_and_sub_categories_belonging_to_this_category": "Select another category to move all pages and sub-categories belonging to this category",
  "select_another_category_to_move_all_pages_belonging_to_this_category": "Select another category to move all pages belonging to this category",
  "validation_pages_limit_per_category_phrase": "<strong>Pages Limit Per Category</strong> must greater or equal 0 and must be an integer.",
  "validation_max_upload_size_pages_phrase": "<strong>Max file size for photos upload</strong> must be greater or equal 0 and must be an integer.",
  "validation_points_pages_phrase": "<strong>Activity points received when creating a new page</strong> must greater or equal 0 and must be an integer.",
  "validation_flood_control_phrase": "\"Flood control time\" must greater or equal 0 and must be an integer.",
  "edit_thumbnail": "Edit thumbnail",
  "cache_time_must_be_an_integer": "\"Cache Time\" must be an integer.",
  "limit_must_greater_or_equal_0": "\"Limit\" must greater or equal 0.",
  "you_have_total_pending_pages": "You have {total} pending pages",
  "manage_integrated_items": "Manage Integrated Items",
  "add_new_category": "Add New Category",
  "manage_categories": "Manage Categories",
  "manage_claims": "Manage Claims",
  "delete_this_page": "Delete this Page",
  "write_message": "Write message",
  "are_you_sure_you_want_to_remove_admin_role_from_this_user": "Are you sure you want to remove admin role from this user?",
  "who_can_view_admins": "Who can view admins?",
  "this_page_is_pending_approval": "This page is pending approval.",
  "page_successfully_updated": "Page successfully updated.",
  "page_name_is_empty": "Page name is empty.",
  "controller_pages.index": "Pages Home Page",
  "controller_pages.view": "Pages Detail",
  "controller_pages.profile": "Pages Profile",
  "updated_their_profile_photo": "updated their profile photo.",
  "updated_their_cover_photo": "updated their cover photo.",
  "sponsor_this_page": "Sponsor this page",
  "unsponsor_this_page": "Un-sponsor this page",
  "un_feature_this_page": "Un-feature this page",
  "feature_this_page": "Feature this page",
  "un_feature": "Un-feature",
  "feature": "Feature",
  "page_successfully_featured": "Page successfully featured",
  "page_successfully_un_featured": "Page successfully un-featured",
  "page_successfully_sponsored": "Page successfully sponsored",
  "page_successfully_un_sponsored": "Page successfully un-sponsored",
  "sorry_the_page_you_are_looking_for_no_longer_exists": "Sorry! The page you are looking for no longer exists",
  "sponsor_paypal_message_page": "Sponsor of page {sPageTitle}",
  "purchase_page_sponsor_completed": "Your purchase to sponsor your page has just been made successfully.",
  "purchase_page_sponsor_pending_approval": "Your purchase to sponsor your page has just been made successfully however it is pending an Admins approval.",
  "sponsor_title_page": "Page: {sPageTitle}",
  "Featured Pages Limit": "",
  "Define the limit of how many featured pages can be displayed when viewing the pages section. Set 0 will hide this block": "",
  "Featured Pages Cache Time": "",
  "Define how long we should keep the cache for the <b>Featured Pages</b> by minutes. 0 means we do not cache data for this block.": "",
  "featured_pages": "Featured Pages",
  "encourage_sponsor_pages": "Sponsor your pages",
  "sponsored_pages": "Sponsored Pages",
  "Sponsored Pages Limit": "",
  "Define the limit of how many sponsored pages can be displayed when viewing the page section. Set 0 will hide this block": "",
  "Sponsored Pages Cache Time": "",
  "Define how long we should keep the cache for the <b>Sponsored Pages</b> by minutes. 0 means we do not cache data for this block.": "",
  "\"Featured Pages Limit\" must be greater than or equal to 0": "",
  "\"Sponsored Pages Limit\" must be greater than or equal to 0": "",
  "reassign_owner": "Reassign Owner",
  "reassign_owner_page_notice": "Choose a friend and transfer this page to them.<br/> <b>Remember that:</b> Current owner will lose all admin privilege on this page after do this.",
  "please_select_a_friend_first": "Please select a friend first",
  "failed_missing_group_id": "Failed! Missing page id",
  "unable_to_find_the_page_you_are_looking_for": "Unable to find the page you are looking for.",
  "you_do_not_have_permission_to_do_this": "You don't have permission to do this",
  "you_can_not_reassign_for_current_owner": "You can't reassign for current owner",
  "reassign_owner_successfully": "Reassign owner successfully",
  "full_name_just_assigned_you_as_owner_of_page_title": "{full_name} just assigned you as owner of page <b>{title}</b>.",
  "full_name_just_transfer_your_page_title_to_other_user": "{full_name} just transfer your page <b>{title}</b> to other user.",
  "current_owner": "Current Owner",
  "pages_number_people_liked_this_page" : "{number} people liked this page",
  "pages_user_created_page" : "{full_name} created page {title}",
  "pages_who_can_view_publish_date" : "Who can view pages's publish date?",
  "pages_publish_date_title" : "Publish Date",
  "on_name_s_page_comment": "On {name}'s page comment",
  "full_name_posted_a_video_on_your_page_title": "{full_name} posted a video on your page <b>{title}</b>.",
  "full_name_posted_a_video_on_your_page_link": "<b>{full_name}</b> posted a video on your page \"<a href=\"{link}\">{title}<\/a>\".\r\nTo see the link, follow the link below:\r\n<a href=\"{link}\">{link}<\/a>",
  "full_name_posted_a_video_on_page_title": "{full_name} posted a video on page <b>{title}</b>.",
  "full_name_posted_a_video_on_page_link": "<b>{full_name}</b> posted a video on page \"<a href=\"{link}\">{title}<\/a>\".\r\nTo see the link, follow the link below:\r\n<a href=\"{link}\">{link}<\/a>"
}