{
  "who_can_share_videos": "Who can share videos?",
  "search_videos": "Search Videos...",
  "say_something_about_this_video": "Say something about this video...",
  "no_friends_found": "No friends found",
  "all_videos": "All Videos",
  "Videos": "Videos",
  "your_video_has_successfully_been_saved_and_will_be_published_when_we_are_done_processing_it": "Your video has successfully been saved and will be published when we are done processing it.",
  "unable_to_load_a_video_to_embed": "Unable to load a video to embed.",
  "unable_to_delete_this_video": "Unable to delete this video.",
  "video_is_ready": "Video is ready!",
  "who_can_view_videos": "Who can view videos?",
  "no_videos_found": "No videos found.",
  "your_video_has_successfully_been_uploaded_we_are_processing_it_and_you_will_be_notified_when_its_ready_you_can_edit_detail": "Your video has successfully been uploaded. We are processing it and you will be notified when its ready. You can edit its details here.",
  "your_video_has_successfully_been_uploaded_we_are_processing_it_and_you_will_be_notified_when_its_ready_you_can_share_you_think_for_your_video": "Your video has successfully been uploaded. We are processing it and you will be notified when its ready. Take a moment to add a title or share you think for your video.",
  "select_a_video_to_upload": "Select a video to upload",
  "my_videos": "My Videos",
  "friends_videos": "Friends' Videos",
  "Zencoder API Key": "",
  "Amazon S3 Access Key": "",
  "Amazon S3 Secret": "",
  "Amazon S3 Bucket": "",
  "Provide the S3, CloudFront or Custom URL": "",
  "Can share/upload a video?": "",
  "Max file size (MB)": "",
  "Can view a video?": "",
  "your_video_title_is_ready": "Your video \"{title}\" is ready!",
  "Submit": "Submit",
  "Name": "Name",
  "Video": "Video",
  "you_dont_have_permission_to_share_videos_on_this": "You don't have permission to share videos on this.",
  "Report": "Report",
  "pf_video_uploading_message_share": "Your video is being uploaded and will be converted to the appropriate format to complete the process. Please don't close this window.",
  "unable_to_find_the_video_you_plan_to_edit": "Unable to find the video you plan to edit",
  "video_meta_description": "Share your videos with friends, family, and the world on Site Name.",
  "video_meta_keywords": "video, sharing, free, upload",
  "ffmpeg_video_utilities": "FFMPEG Video Utilities",
  "FFMPEG Video Utilities": "FFMPEG Video Utilities",
  "ffmpeg_version": "Ffmpeg Version",
  "this_will_display_the_current_installed_version_of_ffmpeg": "This will display the current installed version of ffmpeg",
  "supported_video_formats": "Supported Video Formats",
  "this_will_run_and_show_the_output_of_ffmpeg_formats_please_see_this_page_for_more_info": "This will run and show the output of \"ffmpeg -formats\". Please see this page for more info.",
  "ffmpeg_is_not_something_is_wrongured_or_ffmpeg_path_is_not_correct_please_try_again": "FFMPEG is not configured or FFMPEG path is not correct. Please try again!",
  "manage_categories": "Manage categories",
  "manage_sub_categories": "Manage Sub-Categories",
  "successfully_deleted_the_category": "Successfully deleted the category.",
  "total_videos": "Total Videos",
  "Delete": "Delete",
  "Edit": "Edit",
  "you_can_not_delete_this_category_because_there_are_many_items_related_to_it": "You can not delete this category because there are many items related to it",
  "provide_a_language_name_name": "Provide a \"{language_name}\" name.",
  "posted_in": "Posted in",
  "add_category": "Add Category",
  "successfully_created_a_new_category": "Successfully created a new category.",
  "successfully_updated_a_new_category": "Successfully updated the category.",
  "parent_category": "Parent category",
  "None": "None",
  "default_language_can_not_be_empty": "Default language, cannot be empty.",
  "category_not_found": "Category not found!",
  "delete_category": "Delete Category",
  "edit_category": "Edit Category",
  "Cancel": "Cancel",
  "are_you_sure_you_want_to_delete_this_category": "Are you sure you want to delete this category?",
  "all_sub_categories_of_this_category_will_be_the_root": "All sub categories of this category will be the root.",
  "select_category": "Select category",
  "name_in": "Name in",
  "if_the_category_is_empty_then_its_value_will_have_the_same_value_as_default_language": "If the category is empty then its value will have the same value as default language.",
  "video_successfully_deleted": "Video successfully deleted.",
  "most_discussed": "Most Discussed",
  "full_name_s_videos": "{full_name}'s Videos",
  "by": "by",
  "featured_videos": "Featured Videos",
  "sponsored_videos": "Sponsored Videos",
  "suggested_videos": "Suggested Videos",
  "sub_categories": "Sub-Categories",
  "encourage_sponsor_video": "Sponsor your Video",
  "the_video_does_not_supported_for_play": "The video does not supported for play!",
  "the_video_you_are_looking_for_does_not_exist_or_has_been_removed": "The video you are looking for does not exist or has been removed.",
  "the_category_you_are_looking_for_does_not_exist_or_has_been_removed": "The category you are looking for does not exist or has been removed.",
  "report_this_video": "Report this video",
  "unable_to_view_this_item_due_to_privacy_settings": "Unable to view this item due to privacy settings.",
  "video_is_being_processed": "Video is being processed.",
  "video_is_pending_approval": "Video is pending approval.",
  "approve": "Approve",
  "Category": "Category",
  "sponsor_this_video": "Sponsor this video",
  "unsponsor_this_video": "Un-sponsor this video",
  "un_feature": "Un-feature",
  "featured": "Featured",
  "delete_video": "Delete Video",
  "are_you_sure_you_want_to_delete_this_video_permanently": "Are you sure you want to delete this video permanently?",
  "unable_to_find_the_video_you_plan_to_delete": "Unable to find the video you plan to delete.",
  "successfully_deleted_video": "Video successfully deleted.",
  "video_successfully_sponsored": "Video successfully sponsored.",
  "video_successfully_un_sponsored": "Video successfully un-sponsored.",
  "video_successfully_unfeatured": "Video has been un-featured.",
  "video_successfully_featured": "Video has been featured.",
  "video_has_been_approved": "Video has been approved.",
  "video_s_successfully_approved": "Video(s) successfully approved.",
  "video_s_successfully_deleted": "Video(s) successfully deleted.",
  "video_s_successfully_featured": "Video(s) successfully featured.",
  "video_s_successfully_unfeatured": "Video(s) successfully un-featured.",
  "invalid_permissions": "Invalid Permissions.",
  "your_video_has_been_approved_on_site_title": "Your video has been approved on {site_title}",
  "your_video_has_been_approved_on_site_title_n_nto_view_this_video_follow_the_link_below_n_a_href": "Your video has been approved on {site_title}.\r\nTo view this video, follow the link below:\r\n<a href=\"{sLink}\"> {sLink} </a>.",
  "video_is_approved": "Video is approved",
  "share_a_video": "Share a video",
  "full_name_liked_a_comment_you_posted_on_the_video_title": "{full_name} liked a comment you posted on the video \"{title}\".",
  "full_name_liked_your_comment_message_video": "{full_name} liked your comment \"<a href=\"{link}\">{content}<\/a>\" that you posted on the video \"<a href=\"{item_link}\">{title}<\/a>\".\r\nTo view this video follow the link below:\r\n<a href=\"{link}\">{link}<\/a>",
  "full_name_liked_your_video_title": "{full_name} liked your video \"{title}\".",
  "full_name_liked_a_video_title_on_your_wall": "{full_name} liked a video \"{title}\" on your wall.",
  "full_name_liked_your_video_message": "{full_name} liked your video \"<a href=\"{link}\">{title}<\/a>\"\r\nTo view this video follow the link below:\r\n<a href=\"{link}\">{link}<\/a>",
  "full_name_liked_a_video_title_on_your_wall_message": "{full_name} liked a video \"<a href=\"{link}\">{title}<\/a>\" on your wall.\r\nTo view this video follow the link below:\r\n<a href=\"{link}\">{link}<\/a>",
  "users_liked_gender_own_video_title": "{users} liked {gender} own video \"{title}\".",
  "users_liked_your_video_title": "{users} liked your video \"{title}\".",
  "users_liked_span_class_drop_data_user_row_full_name_s_span_video_title": "{users} liked <span class=\"drop_data_user\">{row_full_name}'s<\/span> video \"{title}\"",
  "owner_full_name_added_a_new_video_title": "<a href=\"{user_link}\">{owner_full_name}<\/a> added a new video \"<a href=\"{title_link}\">{title}<\/a>\".",
  "user_added_a_new_comment_on_their_own_video": "<a href=\"{user_link}\">{user_name}<\/a> added a new comment on their own <a href=\"{title_link}\">video<\/a>.",
  "user_added_a_new_comment_on_your_video": "<a href=\"{user_link}\">{user_name}<\/a> added a new comment on your <a href=\"{title_link}\">video<\/a>.",
  "user_name_added_a_new_comment_on_item_user_name_video": "<a href=\"{user_link}\">{user_name}<\/a> added a new comment on <a href=\"{item_user_link}\">{item_user_name}'s<\/a> <a href=\"{title_link}\">video<\/a>.",
  "users_commented_on_gender_video_title": "{users} commented on {gender} video \"{title}\".",
  "users_commented_on_your_video_title": "{users} commented on your video \"{title}\".",
  "users_commented_on_span_class_drop_data_user_row_full_name_video": "{users} commented on <span class=\"drop_data_user\">{row_full_name}'s<\/span> video \"{title}\"",
  "your_video_title_is_approved_by_sender": "Your video \"{title}\" is approved by {sender}.",
  "your_video_title_is_featured_by_sender": "Your video \"{title}\" is featured by {sender}.",
  "view_more_videos": "View More Videos",
  "video_created_on_time_stamp_by_full_name": "<a href=\"{link}\">Video<\/a> created on {time_stamp} by <a href=\"{user_link}\">{full_name}<\/a>.",
  "full_name_commented_on_your_video_title": "{full_name} commented on your video \"{title}\".",
  "full_name_commented_on_your_video_message": "{full_name} commented on your video \"<a href=\"{link}\">{title}<\/a>\".\r\nTo see the comment thread, follow the link below:\r\n<a href=\"{link}\">{link}<\/a>.",
  "full_name_commented_on_gender_video": "{full_name} commented on {gender} video.",
  "full_name_commented_on_video_full_name_s_video": "{full_name} commented on {video_full_name}'s video.",
  "full_name_commented_on_gender_video_message": "{full_name} commented on {gender} video \"<a href=\"{link}\">{title}<\/a>\".\r\nTo see the comment thread, follow the link below:\r\n<a href=\"{link}\">{link}<\/a>",
  "full_name_commented_on_video_full_name_s_video_message": "{full_name} commented on {video_full_name}'s video \"<a href=\"{link}\">{title}<\/a>\".\r\nTo see the comment thread, follow the link below:\r\n<a href=\"{link}\">{link}<\/a>",
  "users_video_count": "Users Video Count",
  "profile_video_count": "Profile Video Count",
  "update_users_activity_video_points": "Update Users Activity Video Points",
  "full_name_s_videos_on_site_title": "{full_name}'s blogs on {site_title}.",
  "delete_failed": "Delete failed.",
  "video_sponsor_error_not_found": "The video you are trying to sponsor cannot be found.",
  "video_sponsor_paypal_message": "Payment for the sponsor space of video: {sVideoTitle}",
  "video_sponsor_title": "Video: {sVideoTitle}",
  "video_successfully_updated": "Video successfully updated.",
  "unable_to_edit_this_video": "Unable to edit this video.",
  "editing_video": "Editing Video",
  "are_you_sure": "Are you sure?",
  "video_not_found": "Video not found!",
  "provide_a_title_for_this_video": "Provide a title for this video.",
  "cannot_find_the_parent_item.": "Cannot find the parent item.",
  "video_control_who_can_see_this_video": "Control who can see this video.",
  "no_categories_added": "No categories added!",
  "url": "Url",
  "we_could_not_find_a_video_there_please_check_the_url_and_try_again": "We could not find a video there - please check the URL and try again.",
  "we_could_not_find_a_video_there_please_try_again": "We could not find a video there - please check the video and try again.",
  "video_successfully_added": "Video successfully added.",
  "unable_to_embed_this_video_due_to_privacy_settings": "Unable to embed this video due to privacy settings.",
  "max_file_size": "Max file size",
  "publish": "Publish",
  "your_video_is_ready_dont_forget_to_hit_publish_below_once_you_are_ready": "Your video is ready! Don't forget to hit publish below once you are ready.",
  "title": "Title",
  "description": "Description",
  "categories": "Categories",
  "Categories": "Categories",
  "privacy": "Privacy",
  "the_uploaded_file_exceeds_the_MAX_FILE_SIZE_directive_that_was_specified_in_the_HTML_form": "The uploaded file exceeds the MAX_FILE_SIZE directive that was specified in the HTML form.",
  "the_uploaded_file_was_only_partially_uploaded": "The uploaded file was only partially uploaded.",
  "no_file_was_uploaded": "No file was uploaded.",
  "missing_a_temporary_folder": "Missing a temporary folder.",
  "failed_to_write_file_to_disk": "Failed to write file to disk.",
  "file_upload_stopped_by_extension": "File upload stopped by extension.",
  "unknown_upload_error": "Unknown upload error",
  "drag_and_drop_video": "Drag and drop video.",
  "you_can_upload_a_extensions": "Supported File types: 3GP, AAC, AC3, EC3, FLV, M4F, MOV, MJ2, MKV, MP4, MXF, OGG, TS, WEBM, WMV, AVI",
  "unable_to_upload_file_due_to_a_server_error_or_restriction": "Unable to upload file due to a server error or restriction.",
  "you_dont_have_permission_to_share_videos_on_this_page": "You don't have permission to share videos on this page.",
  "video_title": "Video Title...",
  "please_provide_a_valid_url": "Please provide a valid URL.",
  "argument_was_not_a_valid_video": "Argument was not a valid video.",
  "ffmpeg_not_configured": "Ffmpeg not configured.",
  "ffmpeg_found_but_is_not_executable": "Ffmpeg found, but is not executable.",
  "unable_to_execute_shell_commands_using_shell_exec_the_function_is_disabled": "Unable to execute shell commands using shell_exec(); the function is disabled.",
  "video_directory_did_not_exist_and_could_not_be_created": "Video directory did not exist and could not be created.",
  "video_directory_is_not_writable": "Video directory is not writable.",
  "could_not_pull_to_temporary_file": "Could not pull to temporary file.",
  "the_site_does_not_support_upload_videos_from_your_computer": "The site does not upload videos from your computer.",
  "your_video_conversion_failed_video_format_is_not_supported_by_ffmpeg": "Your video conversion failed video format is not supported by ffmpeg.",
  "your_video_conversion_failed_audio_files_are_not_supported": "Your video conversion failed audio files are not supported.",
  "unknown_encoding_error": "unknown_encoding_error",
  "video_are_converting_remaining_videos_now_is": "Videos are converting. Remaining videos now is:",
  "do_you_want_to_convert_to_new_videos_system": "Do you want to convert to new videos system?",
  "you_have_number_old_videos_from_feed_videos": "You have {number} old video(s) (from feed videos).",
  "number_old_videos_converted": "{number} old video(s) were converted.",
  "yes_convert_directly": "Yes, convert directly.",
  "yes_convert_via_job": "Yes, convert via cron job.",
  "cancel_convert_via_job": "Cancel convert via cron job.",
  "your_job_was_cancelled": "your job was cancelled.",
  "there_are_no_old_videos_to_convert": "There are no old videos to convert.",
  "all_old_videos_feed_video_converted_new_videos": "All old videos (feed videos) converted new videos.",
  "videos_converted": "Videos converted",
  "your_job_is_running_you_will_receive_notice_when_it_done": "Your job is running. You will receive notice when it done.",
  "Convert Old Videos": "Convert Old Videos",
  "convert_old_videos": "Convert Old Videos",
  "untitled_video": "Untitled Video",
  "pending_videos": "Pending Videos",
  "users_added_a_video_in_the_group_title": "{users} posted a video on group <b>{title}</b>.",
  "users_added_a_video_in_the_page_title": "{users} posted a video on page <b>{title}</b>.",
  "users_added_a_video_on_your_group_title": "{users} posted a video on your group <b>{title}</b>.",
  "users_added_a_video_on_your_page_title": "{users} posted a video on your page <b>{title}</b>.",
  "users_posted_a_video_title_on_in_your_wall": "{users} posted a video \"{title}\" on your wall.",
  "current_image": "Current image",
  "select_a_image": "Select a image",
  "the_file_size_limit_is_space": "The file size limit is ",
  "drag_and_drop_photo_to_add_video_thumbnail": "Drag and drop photo to add thumbnail for video.",
  "you_can_upload_a_jpg_gif_or_png_file": "You can upload a JPG, GIF or PNG file.",
  "if_your_upload_does_not_work_try_uploading_a_smaller_picture": "If your upload does not work, try uploading a smaller picture.",
  "cancel_and_remove_video_uploaded": "Cancel and remove video uploaded",
  "user_name_tagged_you_in_video_tittle": "{user_name} tagged you in a video \"{title}\"",
  "user_name_tagged_you_in_video_tittle_link": "{user_name} tagged you in a video \"{title}\". <a href=\"{link}\">check it out<\/a>'",
  "cannot_find_the_parent_item": "Cannot find the parent item.",
  "user_name_tagged_you_in_a_comment_in_a_video": "{user_name} tagged you in a comment in a video",
  "You are not allow to create new video in this pages": "",
  "You are not allow to create new video in this groups": "",
  "Featured Videos Limit": "",
  "Define the limit of how many featured videos can be displayed when viewing the video section.": "",
  "Suggested Videos Limit": "",
  "Define the limit of how many suggested videos can be displayed when viewing a video detail.": "",
  "Sponsored Videos Limit": "",
  "Define the limit of how many sponsored videos can be displayed when viewing the video section.": "",
  "video_default_photo": "Video default photo",
  "maximum_file_size_is_file_size": "Maximum File size is {file_size}.",
  "videos_image": "Video's image",
  "drag_and_drop_video_file_here": "Drag and drop video file here",
  "purchase_video_sponsor_completed": "Your purchase to sponsor your video has just been made successfully.",
  "purchase_video_sponsor_pending_approval": "Your purchase to sponsor your video has just been made successfully however it is pending an Admins approval.",
  "featured_videos_cache_time_info": "Featured Videos Cache Time",
  "featured_videos_cache_time_description": "Define how long we should keep the cache for the <b>Featured Videos</b> by minutes. 0 means we do not cache data for this block.",
  "sponsored_videos_cache_time_info": "Sponsored Videos Cache Time",
  "sponsored_videos_cache_time_description": "Define how long we should keep the cache for the <b>Sponsored Videos</b> by minutes. 0 means we do not cache data for this block.",
  "videos_category_cache_time_info": "Categories Cache Time",
  "videos_category_cache_time_description": "Define how long we should keep the cache for the <b>Categories</b> by minutes. 0 means we do not cache data for this block.",
  "your_video_is_ready": "Your video is ready",
  "your_video_is_ready_link": "Your video is ready. \r\n{link}",
  "your_video_is_being_uploaded_please_dont_close_this_tab": "Your video is being uploaded. Please don't close this tab.",
  "your_video_is_being_processed_and_will_be_available_soon_after_shared": "Your video is being processed and will be available soon after shared.",
  "you_have_total_pending_videos": "You have {total} pending videos",
  "featured_video_limit": "\"Featured Videos Limit\" must greater or equal 0.",
  "suggested_video_limit": "\"Suggested Videos Limit\" must greater or equal 0.",
  "sponsored_video_limit": "\"Sponsored Videos Limit\" must greater or equal 0.",
  "select_an_action_to_apply_for_all_videos_as_well_as_sub_categories_belonging_to_this_category": "Select an action to apply for all videos as well as sub categories belonging to this category",
  "remove_all_videos_and_sub_categories_belonging_to_this_category": "Remove all videos and sub categories belonging to this category",
  "select_another_category_to_move_all_videos_and_sub_categories_belonging_to_this_category": "Select another category to move all videos and sub-categories belonging to this category.",
  "videos__l": "videos",
  "controller_v.index": "Video Home Page",
  "controller_v.play": "Video Playing",
  "likes_lowercase": "likes",
  "like_lowercase": "like",
  "views_lowercase": "views",
  "view_lowercase": "view",
  "posted_a_comment_on_gender_video_a_href_link_title_a": "posted a comment on {gender} video \"<a href=\"{link}\">{title}<\/a>\".",
  "posted_a_comment_user_video": "posted a comment on {user_name}'s video \"<a href=\"{link}\">{title}<\/a>\"",
  "a_href_link_on_name_s_video_a": "<a href=\"{link}\">On {name}'s video<\/a>",
  "full_name_posted_a_video_on_your_wall": "{full_name} posted a video on your wall.",
  "full_name_posted_a_video_on_your_wall_message": "<b>{full_name}</b> posted a video on your <a href=\"{link}\">wall<\/a>.\r\nTo see the link, follow the link below:\r\n<a href=\"{link}\">{link}<\/a>"
}