{
  "restful_api": "RESTful API",
  "Do You Authorize {{ client_name }} ?": "",
  "Clients": "",
  "ID": "",
  "Name": "",
  "Active": "",
  "Edit Client": "",
  "New Client": "",
  "Client Name": "",
  "Client ID": "",
  "Redirect URI": "",
  "Cannot add new client.": "",
  "The Client ID is already used.": "",
  "The Client ID is invalid. The Client ID can only contain alphanumeric characters and _ or -.": "",
  "Client successfully deleted.": "",
  "Info": "",
  "Edit": "",
  "Delete": "",
  "Secret Key": "",
  "Yes": "",
  "No": "",
  "Param \"{{ field }}\" is required.": "",
  "Expired Time for An Access Token (in seconds)": ""
}