{
  "mail_friend_title" : "friend",
  "mail_custom_list_title" : "custom list",
  "mail_contacts" : "{number} contacts",
  "mail_contact" : "{number} contact",
  "mail_lists" : "Lists",
  "mail_sent_an_attachment" : "sent an attachment",
  "mail_sent_attachments" : "sent {number} attachments",
  "mail_sent_a_photo" : "sent a photo",
  "mail_sent_photos" : "sent {number} photos",
  "mail_send_your_reply" : "Send your reply...",
  "mail_can_do_this_action" : "Can not do this action with invalid conversation",
  "mail_unarchive" : "Un-archive",
  "mail_unspam" : "Un-spam",
  "mail_spam" : "Spam",
  "mail_manage_conversation" : "Manage Conversations",
  "mail_app_title" : "Messages",
  "mail_mark_as_read" : "Mark as read",
  "mail_invalid_conversation" : "Invalid conversation.",
  "mail_group_member" : "Group Members",
  "mail_do_action_with_invalid_messages" : "Can do this action with invalid messages(s)",
  "mail_do_not_have_permission_to_delete_message" : "You do not have permission for deleting message(s)",
  "mail_custom_list_title_upper_first_letter" : "Custom List",
  "mail_search_list_placeholder" : "Search list...",
  "mail_custom_list_not_found" : "Custom list not found",
  "mail_create_custom_list" : "Create New Custom List",
  "mail_custom_list_name" : "List Name",
  "mail_enter_custom_list_name" : "Enter name of custom list",
  "mail_search_conversation" : "Search conversation",
  "mail_all_mails" : "All Mails",
  "mail_unread_mails" : "Unread",
  "mail_search_friends_custom_list_by_name" : "Search friends, custom list by name...",
  "mail_member_id_validation" : "Member ID must be a number",
  "mail_time_from_validation" : "Invalid Time \"From Date\"",
  "mail_time_to_validation" : "Invalid Time \"To Date\"",
  "mail_time_from_must_be_smaller_than_time_to" : "Time \"From Date\" must smaller than Time \"To Date\"",
  "mail_manage_messages" : "Manage Messages",
  "mail_invalid_name" : "Invalid Name",
  "mail_friend_list_cannot_be_null" : "Friend list can not null",
  "mail_limitation_custom_list_members" : "Number of members is over the limitation. The limitation is {number}",
  "mail_update_custom_list_successfully" : "Update custom list successfully",
  "mail_add_custom_list_successfully" : "Add custom list successfully",
  "mail_delete_custom_list_successfully" : "Delete custom list successfully",
  "mail_cannot_create_more_custom_list_because_of_limitation" : "You can not create more custom lists because of limitation. The limitation is {number}.",
  "mail_invalid_custom_list" : "Invalid custom list",
  "mail_invalid_title" : "Invalid title. Please type correctly",
  "mail_custom_list_not_exist" : "The custom list does not exist",
  "mail_delete_conversation" : "Delete Conversation",
  "mail_mark_as_spam" : "Mark as spam",
  "mail_message_not_found" : "Message not found",
  "mail_numbers_of_group_members_validation" : "Numbers of group member must in range of [2,10]",
  "mail_send_messages" : "Send Messages",
  "mail_cannot_delete_custom" : "Can not delete. Something is wrong.",
  "mail_please_select_at_least_one_friend_or_one_custom_list" : "Please select at least one friend or one custom list.",
  "mail_select_members_or_custom_list_to_send_message" : "Select members or custom list to send message.",
  "mail_number_of_members_over_limitation" : "Number of members for group you creating is over the limitation. The limitation number is {number}.",
  "mail_marked_spam_successfully" : "Marked spam successfully.",
  "mail_delete_successfully" : "Deleted successfully.",
  "mail_you_do_not_have_permission_to_add_new_custom_list": "You do not have permission to add new custom list."
}