{
  "add_new_event": "Add New Event",
  "are_you_sure_you_want_to_delete_this_event_permanently": "Are you sure you want to delete this event permanently?",
  "are_you_sure_you_want_to_delete_this_category": "Are you sure you want to delete this category?",
  "select_an_action_to_apply_for_all_events_as_well_as_sub_categories_belonging_to_this_category": "Select an action to apply for all events as well as sub categories belonging to this category",
  "remove_all_events_and_sub_categories_belonging_to_this_category": "Remove all events and sub-categories belonging to this category",
  "select_another_category_to_move_all_events_and_sub_categories_belonging_to_this_category": "Select another category to move all events and sub-categories belonging to this category.",
  "event_s_successfully_featured": "Event(s) successfully featured",
  "event_s_successfully_unfeatured": "Event(s) successfully un-featured",
  "views_lowercase": "views",
  "invited_events": "Invited Events",
  "no_guests_found": "No Guests Found.",
  "suggestion_events_uppercase": "Suggestion Events",
  "all_events_belonging_to_this_category_will_be_deleted_this_cannot_be_undone": "All events belonging to this category will be deleted, this cannot be undone.",
  "total_events": "Total Events",
  "category_not_found": "Category not found",
  "delete_category": "Delete Category",
  "Attending Limit": "",
  "Define the limit of how many attending users can be displayed when viewing the event detail. Set 0 will hide this block.": "",
  "Featured Events Limit": "",
  "Define the limit of how many featured events can be displayed when viewing the events section. Set 0 will hide this block.": "",
  "Featured Events Cache Time": "",
  "Define how long we should keep the cache for the <b>Featured Events</b> by minutes. 0 means we do not cache data for this block.": "",
  "Invites Events Limit": "",
  "Define the limit of how many invites events can be displayed when viewing the events section. Set 0 will hide this block.": "",
  "Sponsored Events Limit": "",
  "Define the limit of how many sponsored events can be displayed when viewing the events section. Set 0 will hide this block.": "",
  "Sponsored Events Cache Time": "",
  "Define how long we should keep the cache for the <b>Sponsored Events</b> by minutes. 0 means we do not cache data for this block.": "",
  "Suggestion Events Limit": "",
  "Define the limit of how many suggest events can be displayed when viewing the event detail. Set 0 will hide this block.": "",
  "encourage_sponsor_events": "Sponsor Your Events",
  "purchase_event_sponsor_completed": "Your purchase to sponsor your event has just been made successfully.",
  "purchase_event_sponsor_pending_approval": "Your purchase to sponsor your event has just been made successfully however it is pending an Admins approval.",
  "event_default_photo": "Event Default Photo",
  "seo_event_meta_description": "Create your events and invite your friends to come",
  "seo_event_meta_keywords": "event, party, arts, plan",
  "interested_ask": "Interested?",
  "event_name": "Event Name",
  "browse_three_dot": "Browse...",
  "you_have_total_pending_events": "You have {total} pending events",
  "\"Sponsored Events Limit\" must be greater than or equal to 0": "",
  "\"Suggestion Events Limit\" must be greater than or equal to 0": "",
  "\"Featured Events Limit\" must be greater than or equal to 0": "",
  "\"Invites Events Limit\" must be greater than or equal to 0": "",
  "\"Max file size for event photos\" must be greater or equal to 0": "",
  "\"Waiting time to send out another mass email\" must be greater or equal to 0": "",
  "\"Activity points\" must be greater or equal to 0": "",
  "\"Waiting time to add new event\" must be greater or equal to 0": "",
  "Events": "",
  "\"Attending Limit\" must be greater than or equal to 0": "",
  "Profile Events Limit": "",
  "Define the limit of how many profile events can be displayed when viewing the events section. Set 0 will hide this block.": "",
  "\"Profile Events Limit\" must be greater than or equal to 0": "",
  "full_name_added_photo_s_on_your_event_title": "{full_name} added photo(s) on your event \"{title}\".",
  "full_name_added_photo_s_on_your_event_message": "{full_name} added photo(s) on your event \"<a href=\"{link1}\">{title}</a>\".<br\/> To see the photo detail, follow the link below: <a href=\"{link2}\">{link2}</a>",
  "users_added_a_photo_on_your_event_title": "{users} added a photo on your event \"{title}\"",
  "users_added_some_photos_on_your_event_title": "{users} added some photos on your event \"{title}\"",
  "you_do_not_have_sufficient_permission_to_delete_this_event": "You do not have sufficient permission to delete this event.",
  "controller_event.index": "Event Home Page",
  "controller_event.view": "Event Detail",
  "controller_event.profile": "Profile Event",
  "event_hide_map":"Hide map",
  "event_show_map":"Show map",
  "event_guests_title" : "Guest List",
  "event_maybe_not_attending" : "May not be Attending",
  "event_feed_guest" : "guest",
  "event_feed_guests" : "guests"
}