{
  "unsponsor_this_quiz": "Unsponsor this quiz",
  "sponsor_this_quiz": "Sponsor this quiz",
  "Recent Taken Limit": "",
  "Define the limit of how many results can be displayed in this block when viewing the quiz detail. Set 0 will hide this block": "",
  "quiz_zes_successfully_featured": "Quiz(zes) successfully featured",
  "quiz_zes_successfully_un_featured": "Quiz(zes) successfully unfeatured",
  "quiz_successfully_featured": "Quiz successfully featured",
  "quiz_successfully_un_featured": "Quiz successfully unfeatured",
  "quiz_successfully_un_sponsored": "Quiz successfully unsponsored",
  "quiz_successfully_sponsored": "Quiz successfully sponsored",
  "encourage_sponsor_quiz": "Sponsor Your Quizzes",
  "quiz_sponsor_item_title": "Quiz: {sQuizTitle}",
  "quiz_sponsor_paypal_message_title": "Payment for the sponsor space of quiz: {sQuizTitle}",
  "Featured Quizzes Limit": "",
  "Define the limit of how many featured quizzes can be displayed when viewing the quizzes section. Set 0 will hide this block": "",
  "Featured Quizzes Cache Time": "",
  "Define how long we should keep the cache for the <b>Featured Quizzes</b> by minutes. 0 means we do not cache data for this block.": "",
  "featured_quizzes": "Featured Quizzes",
  "quiz_total_play": "play",
  "quiz_total_plays": "plays",
  "Sponsored Quizzes Limit": "",
  "Define the limit of how many sponsored quizzes can be displayed when viewing the quizzes section. Set 0 will hide this block": "",
  "Sponsored Quizzes Cache Time": "",
  "Define how long we should keep the cache for the <b>Sponsored Quizzes</b> by minutes. 0 means we do not cache data for this block.": "",
  "recently_taken": "Recently Taken",
  "change_photo": "Change Photo",
  "purchase_quiz_sponsor_completed": "Your purchase to sponsor your quiz has just been made successfully.",
  "purchase_quiz_sponsor_pending_approval": "Your purchase to sponsor your quiz has just been made successfully however it is pending an Admins approval.",
  "browse_three_dot": "Browse...",
  "member_results": "Member results",
  "quiz_results_by": "Quiz Results By",
  "quiz_results_percentage": "Quiz Results ({percentage}%)",
  "your_results": "Your Results",
  "correct__u": "Correct",
  "incorrect__u": "Incorrect",
  "your_answer_not_dot": "Your answer",
  "correct_answer": "Correct answer",
  "enter_question_here": "Enter question here",
  "\"Max file size for quiz photo\" must be greater or equal to 0": "",
  "\"Activity Points\" must be greater or equal to 0": "",
  "\"Min answers each question in a quiz have\" must be greater than 1": "",
  "\"Max answers each question in a quiz have\" must be greater than 1": "",
  "\"Min questions can a new quiz have\" must be greater than 0": "",
  "\"Max questions can a new quiz have\" must be greater than 0": "",
  "\"How Many Answers Per Default\" must be greater than 1": "",
  "\"Featured Quizzes Limit\" must be greater than or equal to 0": "",
  "\"Sponsored Quizzes Limit\" must be greater than or equal to 0": "",
  "\"Recent Taken Limit\" must be greater than or equal to 0": "",
  "Quizzes": "",
  "you_have_total_pending_quizzes": "You have {total} pending quizzes",
  "\"Sponsor quiz price\" must be greater than or equal to 0": "",
  "full_name_played_on_your_quiz_quiz_name": "{full_name} played on your quiz \"{quiz_name}\"",
  "back_to_list": "Back to list",
  "correct__l": "correct",
  "controller_quiz.index": "Quizzes Home Page",
  "controller_quiz.view": "Quizzes Detail",
  "controller_quiz.profile": "Quizzes Profile",
  "your_quiz_title_has_been_approved": "Your quiz \"{title}\" has been approved.",
  "your_quiz_a_href_link_title_a_has_been_approved_to_view_this_quiz_follow_the_link_below_a_href_link_link_a": "Your quiz \"<a href=\"{link}\">{title}<\/a>\" has been approved.\r\nTo view this quiz follow the link below:\r\n<a href=\"{link}\">{link}<\/a>",
  "quiz_see_more_question" : "See more {number} question",
  "quiz_see_more_questions" : "See more {number} questions",
  "quiz_answer_now" : "Answer Now",
  "quiz_view_result" : "View Result",
  "quiz_total_plays_title" : "Total Plays"
}