{
  "menu_saveditems": "Saved",
  "saveditems_all_saved_items": "All Saved Items",
  "saveditems_my_collections": "My Collections",
  "saveditems_item_saved" : "Item saved!",
  "saveditems_add_to_collection" : "Add to Collection",
  "saveditems_add_to_new_collection" : "Add to New Collection",
  "saveditems_new_collection" : "New Collection",
  "saveditems_collection_name" : "Collection Name",
  "saveditems_create_collection" : "Create Collection",
  "saveditems_you_have_not_created_any_collection_yet" : "You haven't created any collection yet.",
  "saveditems_maximum_128_characters" : "Maximum 128 characters.",
  "saveditems_collection_title_can_not_be_empty_and_maximum_128_character" : "Collection title can not be empty and maximum 128 characters.",
  "saveditems_updated_on" : "Updated on",
  "saveditems_unsave" : "Unsave",
  "saveditems_no_collections_found" : "No collections found.",
  "saveditems_search_your_saved_items_dot" : "Search your saved items...",
  "saveditems_unopened" : "Unopened",
  "saveditems_opened" : "Opened",
  "saveditems_collection" : "Collection",
  "saveditems_no_saved_items_found" : "No saved items found.",
  "user_status" : "User Status",
  "saveditems_mark_as_opened" : "Mark as opened",
  "saveditems_mark_as_unopened" : "Mark as unopened",
  "saveditems_move_to_other_collections" : "Move to other collections",
  "saveditems_saved_to_title" : "Saved to",
  "saveditems_saved_to_collection_and_more" : "{number} more",
  "saveditems_recently_updated" : "Recently Updated",
  "saveditems_create_new_collection_uppercase" : "CREATE NEW COLLECTION",
  "saveditems_are_you_sure_you_want_to_delete_this_collection" : "Are you sure you want to delete this collection?",
  "saveditems_added_to_collection" : "Added to Collection",
  "saveditems_unsave_from_collection_notice" : "This action forces to remove this item from all collections that saved. Are you sure to unsaved it?",
  "saveditems_saved_successfully" : "Saved successfully.",
  "saveditems_unsaved_item_successfully" : "Unsaved successfully.",
  "saveditems_is_in_detail" : "1",
  "saveditems_is_not_in_detail" : "0",
  "saveditems_item_types" : "Item Types",
  "saveditems_added_to_collection_one" : "Added to {number} collection",
  "saveditems_added_to_collection_more" : "Added to {number} collections",
  "controller_saveditems.index" : "Saved Items Home",
  "saveditems_type_forum_post" : "Forum Post",
  "saveditems_oldest" : "Oldest",
  "saveditems_this_item_has_been_unsaved_successfully" : "This item has been unsaved successfully."
}