{
  "The token is already added.": "",
  "You are forced to sign out here because someone has just logged in to your account on {{ device }} {{ platform }} - {{ browser }} with IP address: {{ ip }}": "",
  "Your account has just been logged in on {{ device }} {{ platform }} - {{ browser }} with IP address: {{ ip }}": "",
  "Warning": "",
  "Multiple Device Login Enabled": "",
  "Notice Unknown Login Via Email Enabled": "",
  "Notice Unknown Login Via Popup Enabled": "",
  "Allow user can trust/deny ip addresses to login": "",
  "Can use this app features?": "",
  "Unknown Login Alert!": "",
  "Someone has just logged in to your account on {{ device }} {{ platform }} - {{ browser }} with IP address: {{ ip }}. If this wasn't you, click <a href=\"{{ link }}\">here</a> to change your password. Otherwise, you can view your login history at <a href=\"{{ manage_link }}\">here</a>.": "",
  "Login History": "",
  "Time": "",
  "Device Type": "",
  "{{ browser }} on {{ device }} {{ platform }}": "",
  "IP Address": "",
  "history": "History",
  "login_history": "Login History",
  "trusted_ips": "Trusted IPs",
  "blocked_devices": "Blocked Devices",
  "blocked_ips": "Blocked IPs",
  "unknown_login": "Unknown Login",
  "single_on": "On",
  "active_now": "Active now",
  "are_you_sure_you_want_to_remove_this_session_history": "Are you sure you want to remove this session history?",
  "remove_session": "Remove Session",
  "remove": "Remove",
  "block_ip": "Block IP",
  "ip_blocked": "IP Blocked",
  "trust_ip": "Trust IP",
  "ip_trusted": "IP Trusted",
  "search_ip": "Search IP...",
  "search_devices": "Search Devices...",
  "time_blocked": "Time Blocked",
  "block_device": "Block Device",
  "device_blocked": "Device Blocked",
  "ip_successfully_trusted": "IP successfully trusted",
  "ips_successfully_trusted": "IP(s) successfully trusted",
  "ip_successfully_removed": "IP successfully removed",
  "ips_successfully_removed": "IP(s) successfully removed",
  "ips_successfully_blocked": "IP(s) successfully blocked",
  "ip_successfully_blocked": "IP successfully blocked",
  "devices_successfully_unblocked": "Device(s) successfully unblocked",
  "no_blocked_ips_found": "No blocked ips found.",
  "device_type": "Device Type",
  "no_blocked_devices_found": "No blocked devices found.",
  "unblock": "Unblock",
  "device_successfully_unblocked": "Device successfully unblocked",
  "device_successfully_blocked": "Device successfully blocked",
  "time_trusted": "Time Trusted",
  "no_trusted_ips_found": "No Trusted Ips found.",
  "cant_block_this_ip": "Cannot block this IP",
  "clear_history": "Clear History",
  "remove_all_sessions": "Remove all sessions",
  "are_you_sure_you_want_to_remove_all_sessions_history": "Are you sure you want to remove all sessions history?",
  "you_blocked_this_device_or_ip": "You blocked this device or IP",
  "you_are_forced_to_sign_out_here_because_someone_has_just_logged_into_your_account_on_other_device": "You are forced to sign out here because someone has just logged in to your account on other device",
  "your_account_has_just_been_also_logged_in_on_other_device": "Your account has just been also logged in on other device",
  "if_this_wasn_t_you_consider_to_change_your_password_you_can_also_view_this_session_to_get_more_information": "If this wasn't you, consider to change your password. You can also view this session to get more information",
  "view_session": "View Session",
  "Login history": "",
  "Your login history":""
}