{
  "activitypoint_package_active" : "Active",
  "activitypoint_select_payment_method" : "Select Payment Gateway",
  "activitypoint_send_point" : "Send",
  "activitypoint_reduce_point" : "Reduce",
  "activitypoint_error_message_admincp_adjust_point" : "No user selected to execute actions",
  "activitypoint_point_actions" : "Point Actions",
  "activitypoint_error_message_can_not_reduce_point" : "The points you want to reduce is over the maximum points",
  "activitypoint_current_points_information" : "Total activity points of each user.",
  "activitypoint_total_earned_information" : "Total activity points which user earned from defined actions.",
  "activitypoint_total_received_information" : "Total activity points which user received from Admin, friends or selling on other apps.",
  "activitypoint_total_bought_information" : "Total activity points which user bought from packages.",
  "activitypoint_total_spent_information" : "Total activity points which user used to exchange on Apps.",
  "activitypoint_total_sent_information" : "Total activity points which user sent to friends or user had been subtracted points from Admin for personality reason.",
  "activitypoint_error_message_can_not_send_point" : "The points you want to send is over the maximum points",
  "activitypoint_notify_maximum_point_for_reduce" : "Maximum points for reducing is ",
  "activitypoint_notify_maximum_point_for_send" : "Maximum points for sending is ",
  "activitypoint_admincp_title_title" : "These settings are applied on each usergroup. So, please choose usergroup first",
  "activitypoint_choose_user_group" : "Choose Usergroup",
  "activitypoint_admincp_index_action" : "Action",
  "activitypoint_admincp_index_earned" : "Earned Points",
  "activitypoint_admincp_index_max_earned" : "Max Earned Points",
  "activitypoint_admincp_index_period" : "Period (day)",
  "activitypoint_admincp_index_active" : "Active",
  "activitypoint_save_changes" : "SAVE CHANGES",
  "activitypoint_cancel_upper" : "CANCEL",
  "activitypoint_update_point_setting_successfully" : "Update settings successfully",
  "activitypoint_validate_setting_message" : "Invalid value of field \"{field}\" in setting \"{title}\"",
  "activitypoint_validate_comparision" : "Value of field \"{field_one}\" must smaller or equal than Value of field \"{field_two}\" in setting \"{title}\"",
  "activitypoint_point_settings_title" : "Point Settings",
  "activitypoint_how_to_earn" : "How To Earn",
  "activitypoint_title" : "Activity Points",
  "activitypoint_point_transaction_title" : "Point Transactions",
  "activitypoint_point_packages_title" : "Point Packages",
  "activitypoint_current_points" : "Current Points",
  "activitypoint_bought_points" : "Bought Points",
  "activitypoint_received_points" : "Received Points",
  "activitypoint_spent_points" : "Spent Points",
  "activitypoint_sent_points" : "Sent Points",
  "activitypoint_invalid_filter_by_time" : "Invalid filter by time",
  "activitypoint_bought" : "Bought",
  "activitypoint_spent" : "Spent",
  "activitypoint_sent" : "Sent",
  "activitypoint_earned" : "Earned",
  "activitypoint_received" : "Received",
  "activitypoint_from" : "From",
  "activitypoint_to" : "To",
  "activitypoint_type" : "Type",
  "activitypoint_all" : "All",
  "activitypoint_search" : "Search",
  "activitypoint_transaction_id" : "Transaction ID",
  "activitypoint_date" : "Date",
  "activitypoint_point_type" : "Point Source",
  "activitypoint_app" : "App",
  "activitypoint_action" : "Action",
  "activitypoint_points" : "Points",
  "activitypoint_transactions_not_found" : "Transactions not found",
  "activitypoint_introduce_how_to_earn_title" : "How to earn activity point ? Click here to get more information",
  "activitypoint_create_new_package" : "Create New Package",
  "activitypoint_edit_package" : "Edit Package",
  "activitypoint_package_image" : "Package Image",
  "activitypoint_number_points" : "No.Points",
  "activitypoint_save" : "Save",
  "activitypoint_cancel" : "Cancel",
  "activitypoint_introduce_point_package_title" : "You can sell Point Packages and set price and provide some discount for a large packages.",
  "activitypoint_id": "ID",
  "activitypoint_package_name" : "Package Name",
  "activitypoint_price_title" : "Price",
  "activitypoint_last_updated" : "Last Updated",
  "activitypoint_total_active_title" : "Total Active",
  "activitypoint_member_name" : "Member Name",
  "activitypoint_member_id" : "Member ID",
  "activitypoint_trans_id" : "Trans ID",
  "activitypoint_admincp_transaction_introduce" : "This page lists all of transactions that users created.",
  "activitypoint_transaction_history" : "Transactions History",
  "activitypoint_member" : "Member",
  "activitypoint_enter_member_name" : "Enter member name",
  "activitypoint_from_date" : "From Date",
  "activitypoint_to_date" : "To Date",
  "activitypoint_module_app" : "Module/App",
  "activitypoint_action_type" : "Action Type",
  "activitypoint_filter" : "Filter",
  "activitypoint_reset" : "Reset",
  "activitypoint_admincp_points_introduce" : "This page shows total and others of activity points each members in your community.",
  "activitypoint_member_points" : "Member Points",
  "activitypoint_user_id" : "User ID",
  "activitypoint_user_name" : "User Name",
  "activitypoint_current_a_p" : "Current A.P",
  "activitypoint_total_earned" : "Total Earned",
  "activitypoint_total_received" : "Total Received",
  "activitypoint_total_bought" : "Total Bought",
  "activitypoint_total_spent" : "Total Spent",
  "activitypoint_total_sent" : "Total Sent",
  "activitypoint_actions" : "Actions",
  "activitypoint_adjust_points" : "Adjust Points",
  "activitypoint_view_transaction" : "View Transaction",
  "activitypoint_view_transactions" : "View Transactions",
  "activitypoint_add_new_package" : "Add New Package",
  "activitypoint_points_package" : "Points Package",
  "activitypoint_setting_image_package_error" : "\"Maximum size for image package\" must equal or greater than 0",
  "activitypoint_max_file_size_notice" : "Maximum file size for package is {number} KB. Please choose another image.",
  "activitypoint_permission_purchase_packages_warning_message_replacement" : "You are not allowed to buy activity point packages. Click <a href=\"{link}\">here</a> to learn how you can earn points.",
  "activitypoint_no_packages_available" : "No Packages Available",
  "activitypoint_purchase_packages" : "Purchase Packages",
  "activitypoint_sent_points_action" : "You gifted points for <a href=\"{link}\" target=\"_blank\">{full_name}</a>",
  "activitypoint_bought_package_action" : "You bought a point package",
  "activitypoint_use_points_to_buy" : "You used points to buy an item",
  "activitypoint_subtract_points_when_delete_item" : "The system retrieves points when you deleted an item",
  "activitypoint_do_not_permission" : "You do not enough permission to do this action",
  "activitypoint_invalid_users" : "Invalid Users",
  "activitypoint_can_not_adjust_points" : "Can not adjust points now. Maybe you got max sent points for period time or at least one user has 0 point if you want to subtract points.",
  "activitypoint_adjust_points_successfully" : "Adjust points successfully",
  "activitypoint_no_setting_available" : "No available actions for getting points",
  "activitypoint_cannot_send_negative_point_number" : "The points you want to send must be bigger than 0",
  "activitypoint_point" : "point",
  "activitypoint_invalid_points_add_package" : "\"Points\" must be a number and greater than 0",
  "activitypoint_invalid_price_add_package" : "Provide a invalid price for package",
  "module_activitypoint": "Activity Points",
  "activitypoint_admincp_points_setting" : "Points Setting",
  "activitypoint_admincp_transaction_history" : "Transaction History",
  "activitypoint_points_lowercase" : "points",
  "activitypoint_sent_points_action_replace_phrase" : "You gifted points for {link}",
  "activitypoint_total_retrieved_information" : "Total activity points which user deleted items.",
  "activitypoint_retrieved" : "Retrieved",
  "activitypoint_invalid_from_date_or_to_date" : "Invalid \"From Date\" or \"To Date\".",
  "activitypoint_from_date_must_be_smaller_than_to_date" : "\"From Date\" must be smaller than \"To Date\".",
  "activitypoint_invalid_user_with_quote" : "Invalid User(s).",
  "activitypoint_total_retrieved" : "Total Retrieved",
  "activitypoint_choose_action_method": "Choose action method:",
  "activitypoint_how_many_points": "How many points?",
  "activitypoint_you_received_points_action" : "You were gifted points from {link}",
  "activitypoint_you_received_points_from_admin" : "You were received points from {link}",
  "activitypoint_you_subtracted_points_from_admin" : "You were subtracted points from {link}",
  "points_attachment": "Add a new attachment",
  "points_comment": "Add a new comment",
  "points_event": "Add a new event",
  "points_feed_postonwall": "Post a new status on wall",
  "points_feed_postonotherprofile": "Post a new status on other profile",
  "points_friend_addnewfriend": "Add a new friend",
  "points_groups": "Create a new group",
  "points_invite": "Successfully request",
  "points_marketplace": "Add a new listing",
  "points_music_song": "Upload a new song",
  "points_pages": "Create a new page",
  "points_photo": "Upload a new photo",
  "points_share_item": "Share an item",
  "points_user_signup": "Sign up",
  "points_user_accesssite": "Access to site",
  "points_user_uploadprofilephoto": "Upload profile photo",
  "points_user_uploadcoverphoto": "Upload cover photo",
  "points_poll": "Add a new poll",
  "points_forum": "Add a new thread/post",
  "points_v": "Add a new video",
  "points_quiz": "Add a new quiz",
  "points_blog": "Add a new blog"
}