{
  "IM App Enabled" : "",
  "Provide your Node JS server" : "",
  "manage_notification_sound": "Manage Notification Sound",
  "custom_notification_sound": "Custom Notification Sound",
  "default": "Default",
  "custom": "Custom",
  "select_notification_sound_type": "Select Notification Sound Type",
  "current_custom_notification_sound_path": "Current custom notification sound path",
  "none": "None",
  "you_can_upload_a_mp3_wav_or_ogg_file": "You can upload a MP3, WAV or OGG file.",
  "redis_host": "Redis Host",
  "redis_port": "Redis Port",
  "redis_password": "Redis Password",
  "import_data_from_v3": "Import Data Directly",
  "import_data_from_v3_instruction": "Please enter your redis server below to import data from v3 to your site",
  "cannot_connect_to_redis": "Cannot connect to redis server. You can try import data manual below.",
  "export_json": "Export JSON",
  "import_data_manual": "Import Data Manual",
  "import_data_manual_instruction": "If you cannot connect to your redis server directly. You can do it manual by following these steps:<br/>1. Export data to json file by clicking below button.<br/>2. Upload exported json file to your chat server (nodejs server, the same folder with file import.js).<br/>3. Run the following command in command line:<br/><code>node import.js</code>",
  "import_data_successfully": "Import data from v3 successfully.",
  "import_directly_not_working": "This feature require PhpRedis extension to be installed in your server.",
  "table_im_not_found": "Table <b>{table}</b> not found so there is no data to import.",
  "instant_messaging": "Instant Messaging",
  "invalid_user": "Invalid User",
  "messenger": "Messenger",
  "conversations": "Conversations",
  "friends": "Friends",
  "no_conversations": "No conversations",
  "no_friends_found": "No friends found",
  "send": "send",
  "open_in_new_tab": "Open in new tab",
  "close_chat_box": "Close chat box",
  "this_message_has_been_deleted": "This message has been deleted.",
  "messaged_you": "messaged you",
  "unable_to_load_im": "Unable to connect with the IM server.",
  "hide_thread": "Hide this conversation",
  "search_thread": "Search in this conversation",
  "noti_thread": "Turn notification of this conversation on/off",
  "no_message": "No messages",
  "search_message": "Search Message",
  "enter_search_text": "Enter search text",
  "play": "Play",
  "close": "Close",
  "loading_conversation": "Loading conversation",
  "loading_messages": "Loading messages",
  "error": "Error",
  "deleted_user": "Deleted User",
  "you_cannot_reply_this_conversation": "You cannot reply this conversation anymore.",
  "uploading": "Uploading",
  "im_failed": "FAILED",
  "add_attachment": "Add Attachment",
  "im_file": "FILE",
  "just_now": "just now",
  "a_minute_ago": "a minute ago",
  "minutes_ago": "minutes ago",
  "a_hour_ago": "a hour ago",
  "hours_ago": "hours ago",
  "validator_im_pf_total_conversations": "\"Total Latest Conversations in IM List\" must be an integer and must be greater or equal 0.",
  "validator_im_pf_time_to_delete_message": "\"How long user can still delete their own message?\" must be an integer and must be greater or equal 0."
}